PRINT N'Altering [dbo].[tblCase]...';


GO
ALTER TABLE [dbo].[tblCase]
    ADD [TATExamToClientNotified]    INT NULL,
        [TATExamToRptReceived]       INT NULL,
        [TATRptReceivedToQAComplete] INT NULL,
        [TATQACompleteToRptSent]     INT NULL,
        [TATRptSentToInvoiced]       INT NULL,
        [TATRptRecievedToQAComplete] INT NULL,
        [TATCalculationGroupID]      INT NULL,
        [SLARuleID]                  INT NULL;


GO
PRINT N'Altering [dbo].[tblCaseAppt]...';


GO
ALTER TABLE [dbo].[tblCaseAppt]
    ADD [DateClientNotified] DATETIME NULL;


GO
PRINT N'Altering [dbo].[tblLocation]...';


GO
ALTER TABLE [dbo].[tblLocation]
    ADD [AddressInstructions] VARCHAR (250) NULL;


GO
PRINT N'Creating [dbo].[tblCaseSLARuleDetail]...';


GO
CREATE TABLE [dbo].[tblCaseSLARuleDetail] (
    [CaseNbr]         INT      NOT NULL,
    [SLARuleDetailID] INT      NOT NULL,
    [RequiredDate]    DATETIME NULL,
    [ToleranceDate]   DATETIME NULL,
    [Fullfilled]      BIT      NOT NULL,
    [DateAdded]       DATETIME NOT NULL,
    CONSTRAINT [PK_tblCaseSLARuleDetail] PRIMARY KEY CLUSTERED ([CaseNbr] ASC, [SLARuleDetailID] ASC)
);


GO
PRINT N'Creating [dbo].[tblDataField]...';


GO
CREATE TABLE [dbo].[tblDataField] (
    [DataFieldID] INT          NOT NULL,
    [TableName]   VARCHAR (35) NULL,
    [FieldName]   VARCHAR (35) NULL,
    [Descrip]     VARCHAR (70) NULL,
    CONSTRAINT [PK_tblTATField] PRIMARY KEY CLUSTERED ([DataFieldID] ASC)
);


GO
PRINT N'Creating [dbo].[tblSLARule]...';


GO
CREATE TABLE [dbo].[tblSLARule] (
    [SLARuleID]    INT          IDENTITY (1, 1) NOT NULL,
    [Name]         VARCHAR (70) NULL,
    [ProcessOrder] INT          NOT NULL,
    [Active]       BIT          NOT NULL,
    [DateAdded]    DATETIME     NULL,
    [UserIDAdded]  VARCHAR (15) NULL,
    [DateEdited]   DATETIME     NULL,
    [UserIDEdited] VARCHAR (15) NULL,
    CONSTRAINT [PK_tblSLARule] PRIMARY KEY CLUSTERED ([SLARuleID] ASC)
);


GO
PRINT N'Creating [dbo].[tblSLARuleCondition]...';


GO
CREATE TABLE [dbo].[tblSLARuleCondition] (
    [SLARuleConditionID] INT          IDENTITY (1, 1) NOT NULL,
    [SLARuleID]          INT          NOT NULL,
    [ConditionType]      VARCHAR (20) NULL,
    [ConditionValue]     VARCHAR (25) NULL,
    CONSTRAINT [PK_tblSLARuleCondition] PRIMARY KEY CLUSTERED ([SLARuleConditionID] ASC)
);


GO
PRINT N'Creating [dbo].[tblSLARuleDetail]...';


GO
CREATE TABLE [dbo].[tblSLARuleDetail] (
    [SLARuleDetailID]        INT          IDENTITY (1, 1) NOT NULL,
    [SLARuleID]              INT          NOT NULL,
    [TATCalculationMethodID] INT          NOT NULL,
    [DisplayOrder]           INT          NOT NULL,
    [RequiredNbr]            INT          NOT NULL,
    [ToleranceNbr]           INT          NOT NULL,
    [DateAdded]              DATETIME     NULL,
    [UserIDAdded]            VARCHAR (15) NULL,
    [DateEdited]             DATETIME     NULL,
    [UserIDEdited]           VARCHAR (15) NULL,
    CONSTRAINT [PK_tblSLARuleDetail] PRIMARY KEY CLUSTERED ([SLARuleDetailID] ASC)
);


GO
PRINT N'Creating [dbo].[tblTATCalculationGroup]...';


GO
CREATE TABLE [dbo].[tblTATCalculationGroup] (
    [TATCalculationGroupID] INT          NOT NULL,
    [Name]                  VARCHAR (30) NULL,
    CONSTRAINT [PK_tblTATCalculationGroup] PRIMARY KEY CLUSTERED ([TATCalculationGroupID] ASC)
);


GO
PRINT N'Creating [dbo].[tblTATCalculationGroupDetail]...';


GO
CREATE TABLE [dbo].[tblTATCalculationGroupDetail] (
    [TATCalculationGroupID]  INT NOT NULL,
    [TATCalculationMethodID] INT NOT NULL,
    [DisplayOrder]           INT NOT NULL,
    CONSTRAINT [PK_tblTATCalculationGroupDetail] PRIMARY KEY CLUSTERED ([TATCalculationGroupID] ASC, [TATCalculationMethodID] ASC)
);


GO
PRINT N'Creating [dbo].[tblTATCalculationMethod]...';


GO
CREATE TABLE [dbo].[tblTATCalculationMethod] (
    [TATCalculationMethodID] INT         NOT NULL,
    [StartDateFieldID]       INT         NOT NULL,
    [EndDateFieldID]         INT         NOT NULL,
    [Unit]                   VARCHAR (5) NULL,
    [TATDataFieldID]         INT         NOT NULL,
    [UseTrend]               BIT         NOT NULL,
    CONSTRAINT [PK_tblTATCalculationMethod] PRIMARY KEY CLUSTERED ([TATCalculationMethodID] ASC)
);


GO
PRINT N'Creating [dbo].[DF_tblCaseSLARuleDetail_DateAdded]...';


GO
ALTER TABLE [dbo].[tblCaseSLARuleDetail]
    ADD CONSTRAINT [DF_tblCaseSLARuleDetail_DateAdded] DEFAULT (getdate()) FOR [DateAdded];


GO
PRINT N'Creating [dbo].[DF_tblCaseSLARuleDetail_Fullfilled]...';


GO
ALTER TABLE [dbo].[tblCaseSLARuleDetail]
    ADD CONSTRAINT [DF_tblCaseSLARuleDetail_Fullfilled] DEFAULT ((0)) FOR [Fullfilled];


GO
PRINT N'Creating [dbo].[DF_tblSLARule_Active]...';


GO
ALTER TABLE [dbo].[tblSLARule]
    ADD CONSTRAINT [DF_tblSLARule_Active] DEFAULT ((1)) FOR [Active];


GO
PRINT N'Creating [dbo].[DF_tblTATCalculationMethod_UseTrend]...';


GO
ALTER TABLE [dbo].[tblTATCalculationMethod]
    ADD CONSTRAINT [DF_tblTATCalculationMethod_UseTrend] DEFAULT ((0)) FOR [UseTrend];


GO





PRINT N'Altering [dbo].[vwCaseMonitorDetail]...';


GO
ALTER VIEW vwCaseMonitorDetail
AS
    SELECT
		C.CaseNbr,
        C.Status AS StatusCode,
        IIF(C.Priority<>'Normal', 1, 0) AS Rush,
        IIF(ISNULL(C.Priority, 'Normal')='Normal', 1, 0) AS Normal,
        C.MarketerCode,
        C.DoctorLocation,
        C.DoctorCode,
        C.CompanyCode,
        C.OfficeCode,
        C.SchedulerCode,
        C.QARep,
        C.ServiceCode,
        C.CaseType,
		C.DateAdded,
		C.ApptDate,
        Q.FunctionCode,
        Q.FormToOpen,
        Q.StatusDesc,
        Q.DisplayOrder, 
		ISNULL(BillCompany.ParentCompanyID, Company.ParentCompanyID) AS ParentCompanyID
    FROM
        tblCase AS C
			INNER JOIN tblQueues AS Q ON Q.StatusCode=C.Status
			INNER JOIN tblCompany AS Company ON Company.CompanyCode = C.CompanyCode
			LEFT OUTER JOIN tblClient AS BillClient ON BillClient.ClientCode = C.BillClientCode
			LEFT OUTER JOIN tblCompany AS BillCompany ON BillCompany.CompanyCode = BillClient.CompanyCode
    WHERE
        C.Status NOT IN (8, 9, -100)
GO
PRINT N'Altering [dbo].[vwDocument]...';


GO
ALTER VIEW vwDocument
AS
    SELECT  tblCase.CaseNbr ,
			tblCase.ExtCaseNbr,
            tblCase.ClaimNbr ,

            tblApptStatus.Name AS ApptStatus ,

            tblCase.ApptDate ,
            tblCase.Appttime ,
            tblCase.CaseApptID ,
            tblCase.ApptStatusID ,

            tblCase.DoctorCode ,
            tblCase.DoctorLocation ,

			tblcase.EmployerID ,
			tblcase.EmployerAddressID ,

            tblExaminee.City AS ExamineeCity ,
            tblExaminee.State AS ExamineeState ,
            tblExaminee.Zip AS ExamineeZip ,
            tblExaminee.lastName AS ExamineelastName ,
            tblExaminee.firstName AS ExamineefirstName ,
            tblExaminee.Addr1 AS ExamineeAddr1 ,
            tblExaminee.Addr2 AS ExamineeAddr2 ,
            tblExaminee.City + ', ' + tblExaminee.State + '  ' + tblExaminee.Zip AS ExamineeCityStateZip ,
            tblExaminee.Country ,
            tblExaminee.PolicyNumber ,
            tblExaminee.SSN ,
            tblExaminee.firstName + ' ' + tblExaminee.lastName AS ExamineeName ,
            tblExaminee.Phone1 AS ExamineePhone ,
            tblExaminee.sex ,
            tblExaminee.DOB ,
            tblExaminee.county AS Examineecounty ,
            tblExaminee.Prefix AS ExamineePrefix ,

            tblExaminee.USDvarchar1 AS ExamineeUSDvarchar1 ,
            tblExaminee.USDvarchar2 AS ExamineeUSDvarchar2 ,
            tblExaminee.USDDate1 AS ExamineeUSDDate1 ,
            tblExaminee.USDDate2 AS ExamineeUSDDate2 ,
            tblExaminee.USDtext1 AS ExamineeUSDtext1 ,
            tblExaminee.USDtext2 AS ExamineeUSDtext2 ,
            tblExaminee.USDint1 AS ExamineeUSDint1 ,
            tblExaminee.USDint2 AS ExamineeUSDint2 ,
            tblExaminee.USDmoney1 AS ExamineeUSDmoney1 ,
            tblExaminee.USDmoney2 AS ExamineeUSDmoney2 ,

            tblExaminee.note AS ChartNotes ,
            tblExaminee.Fax AS ExamineeFax ,
            tblExaminee.Email AS ExamineeEmail ,
            tblExaminee.insured AS Examineeinsured ,
            tblExaminee.middleinitial AS Examineemiddleinitial ,
            tblExaminee.InsuredAddr1 ,
            tblExaminee.InsuredCity ,
            tblExaminee.InsuredState ,
            tblExaminee.InsuredZip ,
            tblExaminee.InsuredSex ,
            tblExaminee.InsuredRelationship ,
            tblExaminee.InsuredPhone ,
            tblExaminee.InsuredPhoneExt ,
            tblExaminee.InsuredFax ,
            tblExaminee.InsuredEmail ,
            tblExaminee.ExamineeStatus ,

            tblExaminee.TreatingPhysician ,
            tblExaminee.TreatingPhysicianAddr1 ,
            tblExaminee.TreatingPhysicianCity ,
            tblExaminee.TreatingPhysicianState ,
            tblExaminee.TreatingPhysicianZip ,
            tblExaminee.TreatingPhysicianPhone ,
            tblExaminee.TreatingPhysicianPhoneExt ,
            tblExaminee.TreatingPhysicianFax ,
            tblExaminee.TreatingPhysicianEmail ,
            tblExaminee.TreatingPhysicianLicenseNbr ,
			tblExaminee.TreatingPhysicianTaxID ,
            tblExaminee.TreatingPhysicianCredentials AS TreatingPhysicianDegree ,

			(Case ISNULL(tblcase.EmployerID, 0)
              WHEN 0
              THEN tblExaminee.Employer  
			  ELSE tblEmployer.Name  
			  END) AS Employer,  

			(Case ISNULL(tblcase.EmployerID , 0)
              WHEN 0
              THEN tblExaminee.EmployerAddr1  
			  ELSE tblEmployerAddress.Address1 
			  END) AS EmployerAddr1,  

			(Case ISNULL(tblcase.EmployerID , 0)
              WHEN 0
              THEN tblExaminee.EmployerCity  
			  ELSE tblEmployerAddress.City  
			  END) AS EmployerCity,  

			(Case ISNULL(tblcase.EmployerID , 0)
              WHEN 0
              THEN tblExaminee.EmployerState  
			  ELSE tblEmployerAddress.State  
			  END) AS EmployerState,  

			(Case ISNULL(tblcase.EmployerID , 0)
              WHEN 0
              THEN tblExaminee.EmployerZip  
			  ELSE tblEmployerAddress.Zip  
			  END) AS EmployerZip,  

			(Case ISNULL(tblcase.EmployerID , 0)
              WHEN 0
              THEN tblExaminee.EmployerPhone  
			  ELSE tblEmployerAddress.Phone  
			  END) AS EmployerPhone,  

			(Case ISNULL(tblcase.EmployerID , 0)
              WHEN 0
              THEN tblExaminee.EmployerPhoneExt  
			  ELSE tblEmployerAddress.PhoneExt  
			  END) AS EmployerPhoneExt,  

			(Case ISNULL(tblcase.EmployerID , 0)
              WHEN 0
              THEN tblExaminee.EmployerFax  
			  ELSE tblEmployerAddress.Fax  
			  END) AS EmployerFax,  
            
			(Case ISNULL(tblcase.EmployerID , 0)
              WHEN 0
              THEN tblExaminee.EmployerEmail  
			  ELSE tblEmployerAddress.Email  
			  END) AS EmployerEmail,  
            
			(Case ISNULL(tblcase.EmployerID , 0)
              WHEN 0
              THEN tblExaminee.EmployerContactLastName  
			  ELSE tblEmployerAddress.ContactLast  
			  END) AS EmployerContactLastName,  
            
			(Case ISNULL(tblcase.EmployerID , 0)
              WHEN 0
              THEN tblExaminee.EmployerContactFirstName  
			  ELSE tblEmployerAddress.ContactFirst  
			  END) AS EmployerContactFirstName,  

            tblClient.firstName + ' ' + tblClient.lastName AS ClientName ,
            tblClient.Phone1 + ' ' + ISNULL(tblClient.Phone1ext, ' ') AS ClientPhone ,
            tblClient.Phone2 + ' ' + ISNULL(tblClient.Phone2ext, ' ') AS ClientPhone2 ,
            tblClient.Addr1 AS ClientAddr1 ,
            tblClient.Addr2 AS ClientAddr2 ,
            tblClient.City + ', ' + tblClient.State + '  ' + tblClient.Zip AS ClientCityStateZip ,
            tblClient.Fax AS ClientFax ,
            tblClient.Email AS ClientEmail ,
            'Dear ' + tblClient.firstName + ' ' + tblClient.lastName AS ClientSalutation ,
            tblClient.title AS Clienttitle ,
            tblClient.Prefix AS ClientPrefix ,
            tblClient.suffix AS Clientsuffix ,
            tblClient.USDvarchar1 AS ClientUSDvarchar1 ,
            tblClient.USDvarchar2 AS ClientUSDvarchar2 ,
            tblClient.USDDate1 AS ClientUSDDate1 ,
            tblClient.USDDate2 AS ClientUSDDate2 ,
            tblClient.USDtext1 AS ClientUSDtext1 ,
            tblClient.USDtext2 AS ClientUSDtext2 ,
            tblClient.USDint1 AS ClientUSDint1 ,
            tblClient.USDint2 AS ClientUSDint2 ,
            tblClient.USDmoney1 AS ClientUSDmoney1 ,
            tblClient.USDmoney2 AS ClientUSDmoney2 ,
            tblClient.CompanyCode ,
            tblClient.Notes AS ClientNotes ,
            tblClient.BillAddr1 ,
            tblClient.BillAddr2 ,
            tblClient.BillCity ,
            tblClient.BillState ,
            tblClient.BillZip ,
            tblClient.Billattn ,
            tblClient.ARKey ,
            tblClient.BillFax AS ClientBillFax ,
            tblClient.lastName AS ClientlastName ,
            tblClient.firstName AS ClientfirstName ,
            tblClient.State AS ClientState ,
            tblClient.City AS ClientCity ,
            tblClient.Zip AS ClientZip ,

            tblCompany.extName AS Company ,
            tblCompany.USDvarchar1 AS CompanyUSDvarchar1 ,
            tblCompany.USDvarchar2 AS CompanyUSDvarchar2 ,
            tblCompany.USDDate1 AS CompanyUSDDate1 ,
            tblCompany.USDDate2 AS CompanyUSDDate2 ,
            tblCompany.USDtext1 AS CompanyUSDtext1 ,
            tblCompany.USDtext2 AS CompanyUSDtext2 ,
            tblCompany.USDint1 AS CompanyUSDint1 ,
            tblCompany.USDint2 AS CompanyUSDint2 ,
            tblCompany.USDmoney1 AS CompanyUSDmoney1 ,
            tblCompany.USDmoney2 AS CompanyUSDmoney2 ,
            tblCompany.Notes AS CompanyNotes ,

            tblCase.QARep ,
            tblCase.Doctorspecialty ,
            tblCase.BillClientCode AS CaseBillClientCode ,
            tblCase.officeCode ,
            tblCase.PanelNbr ,

            ISNULL(tblUser.lastName, '')
            + Case WHEN ISNULL(tblUser.LastName, '') = ''
                        OR ISNULL(tblUser.FirstName, '') = '' THEN ''
                   ELSE ', '
              END + ISNULL(tblUser.firstName, '') AS scheduler ,

            tblCase.marketerCode AS Marketer ,
            tblCase.Dateadded AS DateCalledIn ,
            tblCase.Dateofinjury AS DOI ,
            tblCase.Allegation ,
            tblCase.Notes ,
            tblCase.CaseType ,
            'Dear ' + tblExaminee.firstName + ' ' + tblExaminee.lastName AS Examineesalutation ,
            tblCase.status ,
            tblCase.calledInBy ,
            tblCase.chartnbr ,
            tblCase.reportverbal ,
            tblCase.Datemedsrecd AS medsrecd ,
            tblCase.typemedsrecd ,
            tblCase.plaintiffAttorneyCode ,
            tblCase.defenseAttorneyCode ,
            tblCase.serviceCode ,
            tblCase.FaxPattny ,
            tblCase.FaxDoctor ,
            tblCase.FaxClient ,
            tblCase.EmailClient ,
            tblCase.EmailDoctor ,
            tblCase.EmailPattny ,
            tblCase.invoiceDate ,
            tblCase.invoiceamt ,
            tblCase.commitDate ,
            tblCase.WCBNbr ,
            tblCase.specialinstructions ,
            tblCase.priority ,
            tblCase.scheduleNotes ,
            tblCase.requesteddoc ,

            tblCase.USDvarchar1 AS CaseUSDvarchar1 ,
            tblCase.USDvarchar2 AS CaseUSDvarchar2 ,
            tblCase.USDDate1 AS CaseUSDDate1 ,
            tblCase.USDDate2 AS CaseUSDDate2 ,
            tblCase.USDtext1 AS CaseUSDtext1 ,
            tblCase.USDtext2 AS CaseUSDtext2 ,
            tblCase.USDint1 AS CaseUSDint1 ,
            tblCase.USDint2 AS CaseUSDint2 ,
            tblCase.USDmoney1 AS CaseUSDmoney1 ,
            tblCase.USDmoney2 AS CaseUSDmoney2 ,
            tblCase.USDDate3 AS CaseUSDDate3 ,
            tblCase.USDDate4 AS CaseUSDDate4 ,
            tblCase.USDDate5 AS CaseUSDDate5 ,
            tblCase.USDBit1 AS CaseUSDboolean1 ,
            tblCase.USDBit2 AS CaseUSDboolean2 ,

            tblCase.sinternalCasenbr AS internalCasenbr ,
            tblDoctor.credentials AS Doctordegree ,
            tblCase.ClientCode ,
            tblCase.feeCode ,
            tblCase.photoRqd ,
            tblCase.CertMailNbr ,
            tblCase.CertMailNbr2 ,
            tblCase.HearingDate ,
            tblCase.DoctorName ,
            tblCase.masterCasenbr ,
            tblCase.prevappt ,
            tblCase.AssessmentToAddress ,
            tblCase.OCF25Date ,
            tblCase.AssessingFacility ,
            tblCase.DateForminDispute ,
            tblCase.DateReceived ,
            tblCase.ClaimNbrExt ,
            tblCase.sreqspecialty AS RequestedSpecialty ,
            tblCase.AttorneyNote ,
            tblCase.ExternalDueDate ,
            tblCase.InternalDueDate ,
            tblCase.ForecastDate ,
            tblCase.DefParaLegal ,

            tblCase.MasterSubCase ,
            tblCase.TransportationRequired ,
            tblCase.InterpreterRequired ,
            tblCase.EWReferralType ,
            tblCase.EWReferralEWFacilityID ,
            tblCase.PublishOnWeb ,
            tblCase.Jurisdiction AS JurisdictionCode ,
            tblCase.LegalEvent ,
            tblCase.PILegalEvent ,
            tblCase.TransCode ,
            tblCase.RptFinalizedDate ,

			tblCase.ICDCodeA ,
			tblCase.ICDCodeB ,
			tblCase.ICDCodeC ,
			tblCase.ICDCodeD ,
			tblCase.ICDCodeE ,
			tblCase.ICDCodeF ,
			tblCase.ICDCodeG ,
			tblCase.ICDCodeH ,
			tblCase.ICDCodeI ,
			tblCase.ICDCodeJ ,
			tblCase.ICDCodeK ,
			tblCase.ICDCodeL ,

            'Dear ' + tblDoctor.firstName + ' ' + tblDoctor.lastName + ', ' + ISNULL(tblDoctor.credentials, '') AS DoctorSalutation ,
            tblDoctor.Notes AS DoctorNotes ,
            tblDoctor.Prefix AS DoctorPrefix ,
            tblDoctor.Addr1 AS DoctorcorrespAddr1 ,
            tblDoctor.Addr2 AS DoctorcorrespAddr2 ,
            tblDoctor.City + ', ' + tblDoctor.State + '  ' + tblDoctor.Zip AS DoctorcorrespCityStateZip ,
            tblDoctor.Phone + ' ' + ISNULL(tblDoctor.PhoneExt, ' ') AS DoctorcorrespPhone ,
            tblDoctor.FaxNbr AS DoctorcorrespFax ,
            tblDoctor.EmailAddr AS DoctorcorrespEmail ,
            tblDoctor.Qualifications ,
            tblDoctor.Prepaid ,
            tblDoctor.county AS DoctorCorrespCounty ,

            tblDoctor.USDvarchar1 AS DoctorUSDvarchar1 ,
            tblDoctor.USDvarchar2 AS DoctorUSDvarchar2 ,
            tblDoctor.USDvarchar3 AS DoctorUSDvarchar3 ,
            tblDoctor.USDDate1 AS DoctorUSDDate1 ,
            tblDoctor.USDDate2 AS DoctorUSDDate2 ,
            tblDoctor.USDDate3 AS DoctorUSDDate3 ,
            tblDoctor.USDDate4 AS DoctorUSDDate4 ,
            tblDoctor.USDDate5 AS DoctorUSDDate5 ,
            tblDoctor.USDDate6 AS DoctorUSDDate6 ,
            tblDoctor.USDDate7 AS DoctorUSDDate7 ,
            tblDoctor.USDtext1 AS DoctorUSDtext1 ,
            tblDoctor.USDtext2 AS DoctorUSDtext2 ,
            tblDoctor.USDint1 AS DoctorUSDint1 ,
            tblDoctor.USDint2 AS DoctorUSDint2 ,
            tblDoctor.USDmoney1 AS DoctorUSDmoney1 ,
            tblDoctor.USDmoney2 AS DoctorUSDmoney2 ,
			tblDoctor.DrMedRecsInDays AS DrMedRecsInDays ,
			tblDoctor.ExpectedVisitDuration As ExpectedVisitDuration,

            tblDoctor.WCNbr AS Doctorwcnbr ,
            tblDoctor.remitattn ,
            tblDoctor.remitAddr1 ,
            tblDoctor.remitAddr2 ,
            tblDoctor.remitCity ,
            tblDoctor.remitState ,
            tblDoctor.remitZip ,
            tblDoctor.UPIN ,
            tblDoctor.schedulepriority ,
            tblDoctor.feeCode AS drfeeCode ,
            tblDoctor.licensenbr AS Doctorlicense ,
            tblDoctor.SSNTaxID AS DoctorTaxID ,
            tblDoctor.lastName AS DoctorlastName ,
            tblDoctor.firstName AS DoctorfirstName ,
            tblDoctor.middleinitial AS Doctormiddleinitial ,
            ISNULL(LEFT(tblDoctor.firstName, 1), '')
            + ISNULL(LEFT(tblDoctor.middleinitial, 1), '')
            + ISNULL(LEFT(tblDoctor.lastName, 1), '') AS Doctorinitials ,
            tblDoctor.State AS DoctorcorrespState ,
            tblDoctor.CompanyName AS PracticeName ,
            tblDoctor.NPINbr AS DoctorNPINbr ,
            tblDoctor.ProvTypeCode ,
            tblDoctor.PrintOnCheckAs ,

            tblLocation.ExtName AS LocationExtName ,
            tblLocation.Location ,
            tblLocation.Addr1 AS DoctorAddr1 ,
            tblLocation.Addr2 AS DoctorAddr2 ,
			tblLocation.AddressInstructions,
            tblLocation.City + ', ' + tblLocation.State + '  ' + tblLocation.Zip AS DoctorCityStateZip ,
            tblLocation.Phone AS DoctorPhone ,
            tblLocation.insidedr ,
            tblLocation.Email AS DoctorEmail ,
            tblLocation.Fax AS DoctorFax ,
            tblLocation.Faxdrschedule ,
            tblLocation.medrcdletter ,
            tblLocation.drletter ,
            tblLocation.county AS Doctorcounty ,
            tblLocation.vicinity AS Doctorvicinity ,
            tblLocation.contactPrefix AS DoctorLocationcontactPrefix ,
            tblLocation.contactfirst AS DoctorLocationcontactfirstName ,
            tblLocation.contactlast AS DoctorLocationcontactlastName ,
            tblLocation.Notes AS DoctorLocationNotes ,
            tblLocation.contactfirst + ' ' + tblLocation.contactlast AS DoctorLocationcontact ,
            'Dear ' + tblLocation.contactfirst + ' ' + tblLocation.contactlast AS DoctorLocationcontactsalutation ,
            tblLocation.State AS DoctorState ,
            tblLocation.City AS DoctorCity ,
            tblLocation.Zip AS DoctorZip ,
            tblLocation.State ,

            RTRIM(LTRIM(ISNULL(tblCCAddress_2.firstName,'') + ' ' + ISNULL(tblCCAddress_2.lastName,''))) AS PAttorneyName ,
            'Dear ' + ISNULL(tblCCAddress_2.firstName, '') + ' ' + ISNULL(tblCCAddress_2.lastName, '') AS PAttorneysalutation ,
            tblCCAddress_2.Company AS PAttorneyCompany ,
            tblCCAddress_2.Address1 AS PAttorneyAddr1 ,
            tblCCAddress_2.Address2 AS PAttorneyAddr2 ,
            tblCCAddress_2.City + ', ' + tblCCAddress_2.State + '  '
            + tblCCAddress_2.Zip AS PAttorneyCityStateZip ,
            tblCCAddress_2.Phone + ISNULL(tblCCAddress_2.PhoneExtension, '') AS PAttorneyPhone ,
            tblCCAddress_2.Fax AS PAttorneyFax ,
            tblCCAddress_2.Email AS PAttorneyEmail ,
            tblCCAddress_2.Prefix AS pAttorneyPrefix ,
            tblCCAddress_2.lastName AS pAttorneylastName ,
            tblCCAddress_2.firstName AS pAttorneyfirstName ,
            tblCCAddress_2.State AS pAttorneyState ,
            tblCCAddress_2.City AS pAttorneyCity ,
            tblCCAddress_2.Zip AS pAttorneyZip ,

            RTRIM(LTRIM(ISNULL(tblCCAddress_1.firstName,'') + ' ' + ISNULL(tblCCAddress_1.lastName,''))) AS DAttorneyName ,
            'Dear ' + ISNULL(tblCCAddress_1.firstName, '') + ' ' + ISNULL(tblCCAddress_1.lastName, '') AS DAttorneysalutation ,
            tblCCAddress_1.Company AS DAttorneyCompany ,
            tblCCAddress_1.Address1 AS DAttorneyAddr1 ,
            tblCCAddress_1.Address2 AS DAttorneyAddr2 ,
            tblCCAddress_1.City + ', ' + tblCCAddress_1.State + '  '
            + tblCCAddress_1.Zip AS DAttorneyCityStateZip ,
            tblCCAddress_1.Phone + ' ' + ISNULL(tblCCAddress_1.PhoneExtension, '') AS DattorneyPhone ,
            tblCCAddress_1.Prefix AS dAttorneyPrefix ,
            tblCCAddress_1.lastName AS dAttorneylastName ,
            tblCCAddress_1.firstName AS dAttorneyfirstName ,
            tblCCAddress_1.Fax AS DAttorneyFax ,
            tblCCAddress_1.Email AS DAttorneyEmail ,
            tblCCAddress_1.Fax ,
            tblCCAddress_1.State AS dAttorneyState ,

            RTRIM(LTRIM(ISNULL(tblCCAddress_3.firstName,'') + ' ' + ISNULL(tblCCAddress_3.lastName,''))) AS DParaLegalName ,
            'Dear ' + ISNULL(tblCCAddress_3.firstName, '') + ' ' + ISNULL(tblCCAddress_3.lastName, '') AS DParaLegalsalutation ,
            tblCCAddress_3.Company AS DParaLegalCompany ,
            tblCCAddress_3.Address1 AS DParaLegalAddr1 ,
            tblCCAddress_3.Address2 AS DParaLegalAddr2 ,
            tblCCAddress_3.City + ', ' + tblCCAddress_3.State + '  '
            + tblCCAddress_3.Zip AS DParaLegalCityStateZip ,
            tblCCAddress_3.Phone + ' ' + ISNULL(tblCCAddress_3.PhoneExtension,'') AS DParaLegalPhone ,
            tblCCAddress_3.Email AS DParaLegalEmail ,
            tblCCAddress_3.Fax AS DParaLegalFax ,


            tblServices.description AS ServiceDesc ,
            tblServices.ShortDesc ,

            tblCaseType.ShortDesc AS CaseTypeShortDesc ,
            tblCaseType.description AS CaseTypeDesc ,

            tblQueues.StatusDesc ,

            tblSpecialty.specialtyCode ,
            tblSpecialty.description AS specialtydesc ,

            tblRecordStatus.description AS medsstatus ,

            tblDoctorLocation.correspondence AS Doctorcorrespondence ,

            tblState.StateName AS Jurisdiction ,

            tblDoctorSchedule.duration AS ApptDuration ,

            tblProviderType.description AS DoctorProviderType ,

            tblVenue.County AS Venue ,

            tblOffice.description AS office ,
			tblOffice.ShortDesc AS OfficeShortDesc ,
            tblOffice.USDvarchar1 AS OfficeUSDVarChar1 ,
            tblOffice.USDvarchar2 AS OfficeUSDVarChar2 ,

            tblLanguage.Description AS Language ,

            tblTranscription.TransCompany,                          
			
			dbo.tblCase.DateOfInjury2 AS DOI2, 
			dbo.tblCase.DateOfInjury3 AS DOI3, 
			dbo.tblCase.DateOfInjury4 AS DOI4,
			dbo.tblCase.InsuringCompany as InsuringCompany
    FROM    tblCase
            INNER JOIN tblExaminee ON tblExaminee.chartnbr = tblCase.chartnbr
            INNER JOIN tblOffice ON tblOffice.officeCode = tblCase.officeCode
            INNER JOIN tblClient ON tblCase.ClientCode = tblClient.ClientCode
            INNER JOIN tblCompany ON tblClient.CompanyCode = tblCompany.CompanyCode
            INNER JOIN tblCaseType ON tblCase.Casetype = tblCaseType.Code
            INNER JOIN tblQueues ON tblCase.status = tblQueues.statusCode

            LEFT OUTER JOIN tblDoctor ON tblCase.DoctorCode = tblDoctor.DoctorCode
            LEFT OUTER JOIN tblLocation ON tblCase.DoctorLocation = tblLocation.LocationCode
            LEFT OUTER JOIN tblDoctorSchedule ON tblCase.schedCode = tblDoctorSchedule.schedCode
            LEFT OUTER JOIN tblDoctorLocation ON tblCase.DoctorLocation = tblDoctorLocation.LocationCode
                                                 AND tblCase.DoctorCode = tblDoctorLocation.DoctorCode

            LEFT OUTER JOIN tblSpecialty ON tblCase.Doctorspecialty = tblSpecialty.specialtyCode
            LEFT OUTER JOIN tblVenue ON tblCase.VenueID = tblVenue.VenueID
            LEFT OUTER JOIN tblProviderType ON tblDoctor.ProvTypeCode = tblProviderType.ProvTypeCode
            LEFT OUTER JOIN tblState ON tblCase.Jurisdiction = tblState.StateCode
            LEFT OUTER JOIN tblRecordStatus ON tblCase.recCode = tblRecordStatus.recCode
            LEFT OUTER JOIN tblUser ON tblCase.schedulerCode = tblUser.userid
            LEFT OUTER JOIN tblServices ON tblCase.serviceCode = tblServices.serviceCode
            LEFT OUTER JOIN tblCCAddress AS tblCCAddress_1 ON tblCase.defenseAttorneyCode = tblCCAddress_1.ccCode
            LEFT OUTER JOIN tblCCAddress AS tblCCAddress_2 ON tblCase.plaintiffAttorneyCode = tblCCAddress_2.ccCode
            LEFT OUTER JOIN tblCCAddress AS tblCCAddress_3 ON tblCCAddress_3.ccCode = tblCase.DefParaLegal
            LEFT OUTER JOIN tblLanguage ON tblLanguage.LanguageID = tblCase.LanguageID
            LEFT OUTER JOIN tblTranscription ON tblCase.TransCode = tblTranscription.TransCode
            LEFT OUTER JOIN tblApptStatus ON tblCase.ApptStatusID = tblApptStatus.ApptStatusID
            LEFT OUTER JOIN tblEmployer on tblcase.EmployerID = tblEmployer.EmployerID 
            LEFT OUTER JOIN tblEmployerAddress on tblcase.EmployerAddressID = tblEmployerAddress.EmployerAddressID
GO
PRINT N'Altering [dbo].[vwDocumentAccting]...';


GO
ALTER VIEW vwDocumentAccting
AS
    SELECT  tblCase.CaseNbr ,
			tblCase.ExtCaseNbr,
            tblCase.ClaimNbr ,

			tblcase.EmployerID ,
			tblcase.EmployerAddressID ,

            tblAcctingTrans.SeqNO ,
            AH.DocumentNbr ,
            tblAcctingTrans.type AS DocumentType ,

            tblAcctingTrans.ApptDate ,
            tblAcctingTrans.ApptTime ,
            tblAcctingTrans.CaseApptID ,
			tblAcctingTrans.ApptStatusID ,

            CASE WHEN EWReferralType = 2 THEN tblCase.doctorcode ELSE tblAcctingTrans.DrOpCode END AS DoctorCode ,
            CASE WHEN EWReferralType = 2 THEN tblCase.doctorlocation ELSE tblAcctingTrans.doctorlocation END AS DoctorLocation ,

            tblExaminee.City AS ExamineeCity ,
            tblExaminee.State AS ExamineeState ,
            tblExaminee.Zip AS ExamineeZip ,
            tblExaminee.lastName AS ExamineelastName ,
            tblExaminee.firstName AS ExamineefirstName ,
            tblExaminee.Addr1 AS ExamineeAddr1 ,
            tblExaminee.Addr2 AS ExamineeAddr2 ,
            tblExaminee.City + ', ' + tblExaminee.State + '  ' + tblExaminee.Zip AS ExamineeCityStateZip ,
            tblExaminee.Country ,
            tblExaminee.PolicyNumber ,
            tblExaminee.SSN ,
            tblExaminee.firstName + ' ' + tblExaminee.lastName AS ExamineeName ,
            tblExaminee.Phone1 AS ExamineePhone ,
            tblExaminee.sex ,
            tblExaminee.DOB ,
            tblExaminee.county AS Examineecounty ,
            tblExaminee.Prefix AS ExamineePrefix ,

            tblExaminee.USDvarchar1 AS ExamineeUSDvarchar1 ,
            tblExaminee.USDvarchar2 AS ExamineeUSDvarchar2 ,
            tblExaminee.USDDate1 AS ExamineeUSDDate1 ,
            tblExaminee.USDDate2 AS ExamineeUSDDate2 ,
            tblExaminee.USDtext1 AS ExamineeUSDtext1 ,
            tblExaminee.USDtext2 AS ExamineeUSDtext2 ,
            tblExaminee.USDint1 AS ExamineeUSDint1 ,
            tblExaminee.USDint2 AS ExamineeUSDint2 ,
            tblExaminee.USDmoney1 AS ExamineeUSDmoney1 ,
            tblExaminee.USDmoney2 AS ExamineeUSDmoney2 ,

            tblExaminee.note AS ChartNotes ,
            tblExaminee.Fax AS ExamineeFax ,
            tblExaminee.Email AS ExamineeEmail ,
            tblExaminee.insured AS Examineeinsured ,
            tblExaminee.middleinitial AS Examineemiddleinitial ,
            tblExaminee.InsuredAddr1 ,
            tblExaminee.InsuredCity ,
            tblExaminee.InsuredState ,
            tblExaminee.InsuredZip ,
            tblExaminee.InsuredSex ,
            tblExaminee.InsuredRelationship ,
            tblExaminee.InsuredPhone ,
            tblExaminee.InsuredPhoneExt ,
            tblExaminee.InsuredFax ,
            tblExaminee.InsuredEmail ,
            tblExaminee.ExamineeStatus ,

            tblExaminee.TreatingPhysician ,
            tblExaminee.TreatingPhysicianAddr1 ,
            tblExaminee.TreatingPhysicianCity ,
            tblExaminee.TreatingPhysicianState ,
            tblExaminee.TreatingPhysicianZip ,
            tblExaminee.TreatingPhysicianPhone ,
            tblExaminee.TreatingPhysicianPhoneExt ,
            tblExaminee.TreatingPhysicianFax ,
            tblExaminee.TreatingPhysicianEmail ,
            tblExaminee.TreatingPhysicianLicenseNbr ,
			tblExaminee.TreatingPhysicianTaxID ,
            tblExaminee.TreatingPhysicianCredentials AS TreatingPhysicianDegree ,

			(Case ISNULL(tblcase.EmployerID, 0)
              WHEN 0
              THEN tblExaminee.Employer  
			  ELSE tblEmployer.Name  
			  END) AS Employer,  

			(Case ISNULL(tblcase.EmployerID , 0)
              WHEN 0
              THEN tblExaminee.EmployerAddr1  
			  ELSE tblEmployerAddress.Address1 
			  END) AS EmployerAddr1,  

			(Case ISNULL(tblcase.EmployerID , 0)
              WHEN 0
              THEN tblExaminee.EmployerCity  
			  ELSE tblEmployerAddress.City  
			  END) AS EmployerCity,  

			(Case ISNULL(tblcase.EmployerID , 0)
              WHEN 0
              THEN tblExaminee.EmployerState  
			  ELSE tblEmployerAddress.State  
			  END) AS EmployerState,  

			(Case ISNULL(tblcase.EmployerID , 0)
              WHEN 0
              THEN tblExaminee.EmployerZip  
			  ELSE tblEmployerAddress.Zip  
			  END) AS EmployerZip,  

			(Case ISNULL(tblcase.EmployerID , 0)
              WHEN 0
              THEN tblExaminee.EmployerPhone  
			  ELSE tblEmployerAddress.Phone  
			  END) AS EmployerPhone,  

			(Case ISNULL(tblcase.EmployerID , 0)
              WHEN 0
              THEN tblExaminee.EmployerPhoneExt  
			  ELSE tblEmployerAddress.PhoneExt  
			  END) AS EmployerPhoneExt,  

			(Case ISNULL(tblcase.EmployerID , 0)
              WHEN 0
              THEN tblExaminee.EmployerFax  
			  ELSE tblEmployerAddress.Fax  
			  END) AS EmployerFax,  
            
			(Case ISNULL(tblcase.EmployerID , 0)
              WHEN 0
              THEN tblExaminee.EmployerEmail  
			  ELSE tblEmployerAddress.Email  
			  END) AS EmployerEmail,  
            
			(Case ISNULL(tblcase.EmployerID , 0)
              WHEN 0
              THEN tblExaminee.EmployerContactLastName  
			  ELSE tblEmployerAddress.ContactLast  
			  END) AS EmployerContactLastName,  
            
			(Case ISNULL(tblcase.EmployerID , 0)
              WHEN 0
              THEN tblExaminee.EmployerContactFirstName  
			  ELSE tblEmployerAddress.ContactFirst  
			  END) AS EmployerContactFirstName,  

            tblClient.firstName + ' ' + tblClient.lastName AS ClientName ,
            tblClient.Phone1 + ' ' + ISNULL(tblClient.Phone1ext, ' ') AS ClientPhone ,
            tblClient.Phone2 + ' ' + ISNULL(tblClient.Phone2ext, ' ') AS ClientPhone2 ,
            tblClient.Addr1 AS ClientAddr1 ,
            tblClient.Addr2 AS ClientAddr2 ,
            tblClient.City + ', ' + tblClient.State + '  ' + tblClient.Zip AS ClientCityStateZip ,
            tblClient.Fax AS ClientFax ,
            tblClient.Email AS ClientEmail ,
            'Dear ' + tblClient.firstName + ' ' + tblClient.lastName AS ClientSalutation ,
            tblClient.title AS Clienttitle ,
            tblClient.Prefix AS ClientPrefix ,
            tblClient.suffix AS Clientsuffix ,
            tblClient.USDvarchar1 AS ClientUSDvarchar1 ,
            tblClient.USDvarchar2 AS ClientUSDvarchar2 ,
            tblClient.USDDate1 AS ClientUSDDate1 ,
            tblClient.USDDate2 AS ClientUSDDate2 ,
            tblClient.USDtext1 AS ClientUSDtext1 ,
            tblClient.USDtext2 AS ClientUSDtext2 ,
            tblClient.USDint1 AS ClientUSDint1 ,
            tblClient.USDint2 AS ClientUSDint2 ,
            tblClient.USDmoney1 AS ClientUSDmoney1 ,
            tblClient.USDmoney2 AS ClientUSDmoney2 ,
            tblClient.CompanyCode ,
            tblClient.Notes AS ClientNotes ,
            tblClient.BillAddr1 ,
            tblClient.BillAddr2 ,
            tblClient.BillCity ,
            tblClient.BillState ,
            tblClient.BillZip ,
            tblClient.Billattn ,
            tblClient.ARKey ,
            tblClient.BillFax AS ClientBillFax ,
            tblClient.lastName AS ClientlastName ,
            tblClient.firstName AS ClientfirstName ,
            tblClient.State AS ClientState ,
            tblClient.City AS ClientCity ,
            tblClient.Zip AS ClientZip ,

            tblCompany.extName AS Company ,
            tblCompany.USDvarchar1 AS CompanyUSDvarchar1 ,
            tblCompany.USDvarchar2 AS CompanyUSDvarchar2 ,
            tblCompany.USDDate1 AS CompanyUSDDate1 ,
            tblCompany.USDDate2 AS CompanyUSDDate2 ,
            tblCompany.USDtext1 AS CompanyUSDtext1 ,
            tblCompany.USDtext2 AS CompanyUSDtext2 ,
            tblCompany.USDint1 AS CompanyUSDint1 ,
            tblCompany.USDint2 AS CompanyUSDint2 ,
            tblCompany.USDmoney1 AS CompanyUSDmoney1 ,
            tblCompany.USDmoney2 AS CompanyUSDmoney2 ,
            tblCompany.Notes AS CompanyNotes ,

            tblCase.QARep ,
            tblCase.Doctorspecialty ,
            tblCase.BillClientCode AS CaseBillClientCode ,
            tblCase.officeCode ,
            tblCase.PanelNbr ,

            ISNULL(tblUser.lastName, '')
            + Case WHEN ISNULL(tblUser.LastName, '') = ''
                        OR ISNULL(tblUser.FirstName, '') = '' THEN ''
                   ELSE ', '
              END + ISNULL(tblUser.firstName, '') AS scheduler ,

            tblCase.marketerCode AS Marketer ,
            tblCase.Dateadded AS DateCalledIn ,
            tblCase.Dateofinjury AS DOI ,
            tblCase.Allegation ,
            tblCase.Notes ,
            tblCase.CaseType ,
            'Dear ' + tblExaminee.firstName + ' ' + tblExaminee.lastName AS Examineesalutation ,
            tblCase.status ,
            tblCase.calledInBy ,
            tblCase.chartnbr ,
            tblCase.reportverbal ,
            tblCase.Datemedsrecd AS medsrecd ,
            tblCase.typemedsrecd ,
            tblCase.plaintiffAttorneyCode ,
            tblCase.defenseAttorneyCode ,
            tblCase.serviceCode ,
            tblCase.FaxPattny ,
            tblCase.FaxDoctor ,
            tblCase.FaxClient ,
            tblCase.EmailClient ,
            tblCase.EmailDoctor ,
            tblCase.EmailPattny ,
            tblCase.invoiceDate ,
            tblCase.invoiceamt ,
            tblCase.commitDate ,
            tblCase.WCBNbr ,
            tblCase.specialinstructions ,
            tblCase.priority ,
            tblCase.scheduleNotes ,
            tblCase.requesteddoc ,

            tblCase.USDvarchar1 AS CaseUSDvarchar1 ,
            tblCase.USDvarchar2 AS CaseUSDvarchar2 ,
            tblCase.USDDate1 AS CaseUSDDate1 ,
            tblCase.USDDate2 AS CaseUSDDate2 ,
            tblCase.USDtext1 AS CaseUSDtext1 ,
            tblCase.USDtext2 AS CaseUSDtext2 ,
            tblCase.USDint1 AS CaseUSDint1 ,
            tblCase.USDint2 AS CaseUSDint2 ,
            tblCase.USDmoney1 AS CaseUSDmoney1 ,
            tblCase.USDmoney2 AS CaseUSDmoney2 ,
            tblCase.USDDate3 AS CaseUSDDate3 ,
            tblCase.USDDate4 AS CaseUSDDate4 ,
            tblCase.USDDate5 AS CaseUSDDate5 ,
            tblCase.USDBit1 AS CaseUSDboolean1 ,
            tblCase.USDBit2 AS CaseUSDboolean2 ,

            tblCase.sinternalCasenbr AS internalCasenbr ,
            tblDoctor.credentials AS Doctordegree ,
            tblCase.ClientCode ,
            tblCase.feeCode ,
            tblCase.photoRqd ,
            tblCase.CertMailNbr ,
			tblCase.CertMailNbr2 ,
            tblCase.HearingDate ,
            tblCase.DoctorName ,
            tblCase.masterCasenbr ,
            tblCase.prevappt ,
            tblCase.AssessmentToAddress ,
            tblCase.OCF25Date ,
            tblCase.AssessingFacility ,
            tblCase.DateForminDispute ,
            tblCase.DateReceived ,
            tblCase.ClaimNbrExt ,
            tblCase.sreqspecialty AS RequestedSpecialty ,
            tblCase.AttorneyNote ,
            tblCase.ExternalDueDate ,
            tblCase.InternalDueDate ,
            tblCase.ForecastDate ,
            tblCase.DefParaLegal ,

            tblCase.MasterSubCase ,
            tblCase.TransportationRequired ,
            tblCase.InterpreterRequired ,
            tblCase.EWReferralType ,
            tblCase.EWReferralEWFacilityID ,
            tblCase.PublishOnWeb ,
            tblCase.Jurisdiction AS JurisdictionCode ,
            tblCase.LegalEvent ,
            tblCase.PILegalEvent ,
            tblCase.TransCode ,
            tblCase.RptFinalizedDate ,

			tblCase.ICDCodeA ,
			tblCase.ICDCodeB ,
			tblCase.ICDCodeC ,
			tblCase.ICDCodeD ,
			tblCase.ICDCodeE ,
			tblCase.ICDCodeF ,
			tblCase.ICDCodeG ,
			tblCase.ICDCodeH ,
			tblCase.ICDCodeI ,
			tblCase.ICDCodeJ ,
			tblCase.ICDCodeK ,
			tblCase.ICDCodeL ,

            'Dear ' + tblDoctor.firstName + ' ' + tblDoctor.lastName + ', ' + ISNULL(tblDoctor.credentials, '') AS DoctorSalutation ,
            tblDoctor.Notes AS DoctorNotes ,
            tblDoctor.Prefix AS DoctorPrefix ,
            tblDoctor.Addr1 AS DoctorcorrespAddr1 ,
            tblDoctor.Addr2 AS DoctorcorrespAddr2 ,
            tblDoctor.City + ', ' + tblDoctor.State + '  ' + tblDoctor.Zip AS DoctorcorrespCityStateZip ,
            tblDoctor.Phone + ' ' + ISNULL(tblDoctor.PhoneExt, ' ') AS DoctorcorrespPhone ,
            tblDoctor.FaxNbr AS DoctorcorrespFax ,
            tblDoctor.EmailAddr AS DoctorcorrespEmail ,
            tblDoctor.Qualifications ,
            tblDoctor.Prepaid ,
            tblDoctor.county AS DoctorCorrespCounty ,

            tblDoctor.USDvarchar1 AS DoctorUSDvarchar1 ,
            tblDoctor.USDvarchar2 AS DoctorUSDvarchar2 ,
            tblDoctor.USDvarchar3 AS DoctorUSDvarchar3 ,
            tblDoctor.USDDate1 AS DoctorUSDDate1 ,
            tblDoctor.USDDate2 AS DoctorUSDDate2 ,
            tblDoctor.USDDate3 AS DoctorUSDDate3 ,
            tblDoctor.USDDate4 AS DoctorUSDDate4 ,
            tblDoctor.USDDate5 AS DoctorUSDDate5 ,
            tblDoctor.USDDate6 AS DoctorUSDDate6 ,
            tblDoctor.USDDate7 AS DoctorUSDDate7 ,
            tblDoctor.USDtext1 AS DoctorUSDtext1 ,
            tblDoctor.USDtext2 AS DoctorUSDtext2 ,
            tblDoctor.USDint1 AS DoctorUSDint1 ,
            tblDoctor.USDint2 AS DoctorUSDint2 ,
            tblDoctor.USDmoney1 AS DoctorUSDmoney1 ,
            tblDoctor.USDmoney2 AS DoctorUSDmoney2 ,
			tblDoctor.DrMedRecsInDays AS DrMedRecsInDays ,
			tblDoctor.ExpectedVisitDuration As ExpectedVisitDuration,

            tblDoctor.WCNbr AS Doctorwcnbr ,
            tblDoctor.remitattn ,
            tblDoctor.remitAddr1 ,
            tblDoctor.remitAddr2 ,
            tblDoctor.remitCity ,
            tblDoctor.remitState ,
            tblDoctor.remitZip ,
            tblDoctor.UPIN ,
            tblDoctor.schedulepriority ,
            tblDoctor.feeCode AS drfeeCode ,
            tblDoctor.licensenbr AS Doctorlicense ,
            tblDoctor.SSNTaxID AS DoctorTaxID ,
            tblDoctor.lastName AS DoctorlastName ,
            tblDoctor.firstName AS DoctorfirstName ,
            tblDoctor.middleinitial AS Doctormiddleinitial ,
            ISNULL(LEFT(tblDoctor.firstName, 1), '')
            + ISNULL(LEFT(tblDoctor.middleinitial, 1), '')
            + ISNULL(LEFT(tblDoctor.lastName, 1), '') AS Doctorinitials ,
            tblDoctor.State AS DoctorcorrespState ,
            tblDoctor.CompanyName AS PracticeName ,
            tblDoctor.NPINbr AS DoctorNPINbr ,
            tblDoctor.ProvTypeCode ,
            tblDoctor.PrintOnCheckAs ,

            tblLocation.ExtName AS LocationExtName ,
            tblLocation.Location ,
            tblLocation.Addr1 AS DoctorAddr1 ,
            tblLocation.Addr2 AS DoctorAddr2 ,
			tblLocation.AddressInstructions,
            tblLocation.City + ', ' + tblLocation.State + '  ' + tblLocation.Zip AS DoctorCityStateZip ,
            tblLocation.Phone AS DoctorPhone ,
            tblLocation.insidedr ,
            tblLocation.Email AS DoctorEmail ,
            tblLocation.Fax AS DoctorFax ,
            tblLocation.Faxdrschedule ,
            tblLocation.medrcdletter ,
            tblLocation.drletter ,
            tblLocation.county AS Doctorcounty ,
            tblLocation.vicinity AS Doctorvicinity ,
            tblLocation.contactPrefix AS DoctorLocationcontactPrefix ,
            tblLocation.contactfirst AS DoctorLocationcontactfirstName ,
            tblLocation.contactlast AS DoctorLocationcontactlastName ,
            tblLocation.Notes AS DoctorLocationNotes ,
            tblLocation.contactfirst + ' ' + tblLocation.contactlast AS DoctorLocationcontact ,
            'Dear ' + tblLocation.contactfirst + ' ' + tblLocation.contactlast AS DoctorLocationcontactsalutation ,
            tblLocation.State AS DoctorState ,
            tblLocation.City AS DoctorCity ,
            tblLocation.Zip AS DoctorZip ,
            tblLocation.State ,

            RTRIM(LTRIM(ISNULL(tblCCAddress_2.firstName,'') + ' ' + ISNULL(tblCCAddress_2.lastName,''))) AS PAttorneyName ,
            'Dear ' + ISNULL(tblCCAddress_2.firstName, '') + ' ' + ISNULL(tblCCAddress_2.lastName, '') AS PAttorneysalutation ,
            tblCCAddress_2.Company AS PAttorneyCompany ,
            tblCCAddress_2.Address1 AS PAttorneyAddr1 ,
            tblCCAddress_2.Address2 AS PAttorneyAddr2 ,
            tblCCAddress_2.City + ', ' + tblCCAddress_2.State + '  '
            + tblCCAddress_2.Zip AS PAttorneyCityStateZip ,
            tblCCAddress_2.Phone + ISNULL(tblCCAddress_2.PhoneExtension, '') AS PAttorneyPhone ,
            tblCCAddress_2.Fax AS PAttorneyFax ,
            tblCCAddress_2.Email AS PAttorneyEmail ,
            tblCCAddress_2.Prefix AS pAttorneyPrefix ,
            tblCCAddress_2.lastName AS pAttorneylastName ,
            tblCCAddress_2.firstName AS pAttorneyfirstName ,
            tblCCAddress_2.State AS pAttorneyState ,
            tblCCAddress_2.City AS pAttorneyCity ,
            tblCCAddress_2.Zip AS pAttorneyZip ,

            RTRIM(LTRIM(ISNULL(tblCCAddress_1.firstName,'') + ' ' + ISNULL(tblCCAddress_1.lastName,''))) AS DAttorneyName ,
            'Dear ' + ISNULL(tblCCAddress_1.firstName, '') + ' ' + ISNULL(tblCCAddress_1.lastName, '') AS DAttorneysalutation ,
            tblCCAddress_1.Company AS DAttorneyCompany ,
            tblCCAddress_1.Address1 AS DAttorneyAddr1 ,
            tblCCAddress_1.Address2 AS DAttorneyAddr2 ,
            tblCCAddress_1.City + ', ' + tblCCAddress_1.State + '  '
            + tblCCAddress_1.Zip AS DAttorneyCityStateZip ,
            tblCCAddress_1.Phone + ' ' + ISNULL(tblCCAddress_1.PhoneExtension, '') AS DattorneyPhone ,
            tblCCAddress_1.Prefix AS dAttorneyPrefix ,
            tblCCAddress_1.lastName AS dAttorneylastName ,
            tblCCAddress_1.firstName AS dAttorneyfirstName ,
            tblCCAddress_1.Fax AS DAttorneyFax ,
            tblCCAddress_1.Email AS DAttorneyEmail ,
            tblCCAddress_1.Fax ,
            tblCCAddress_1.State AS dAttorneyState ,

            RTRIM(LTRIM(ISNULL(tblCCAddress_3.firstName,'') + ' ' + ISNULL(tblCCAddress_3.lastName,''))) AS DParaLegalName ,
            'Dear ' + ISNULL(tblCCAddress_3.firstName, '') + ' ' + ISNULL(tblCCAddress_3.lastName, '') AS DParaLegalsalutation ,
            tblCCAddress_3.Company AS DParaLegalCompany ,
            tblCCAddress_3.Address1 AS DParaLegalAddr1 ,
            tblCCAddress_3.Address2 AS DParaLegalAddr2 ,
            tblCCAddress_3.City + ', ' + tblCCAddress_3.State + '  '
            + tblCCAddress_3.Zip AS DParaLegalCityStateZip ,
            tblCCAddress_3.Phone + ' ' + ISNULL(tblCCAddress_3.PhoneExtension,'') AS DParaLegalPhone ,
            tblCCAddress_3.Email AS DParaLegalEmail ,
            tblCCAddress_3.Fax AS DParaLegalFax ,

			
            tblServices.description AS ServiceDesc ,
            tblServices.ShortDesc ,

            tblCaseType.ShortDesc AS CaseTypeShortDesc ,
            tblCaseType.description AS CaseTypeDesc ,

            tblQueues.StatusDesc ,

            tblSpecialty.specialtyCode ,
            tblSpecialty.description AS specialtydesc ,

            tblRecordStatus.description AS medsstatus ,

            tblDoctorLocation.correspondence AS Doctorcorrespondence ,

            tblState.StateName AS Jurisdiction ,

            tblDoctorSchedule.duration AS ApptDuration ,

            tblProviderType.description AS DoctorProviderType ,

            tblVenue.County AS Venue ,

            tblOffice.description AS office ,
			tblOffice.ShortDesc AS OfficeShortDesc ,
            tblOffice.USDvarchar1 AS OfficeUSDVarChar1 ,
            tblOffice.USDvarchar2 AS OfficeUSDVarChar2 ,

            tblLanguage.Description AS Language ,
			tblCase.DateOfInjury2 AS DOI2, 
			tblCase.DateOfInjury3 AS DOI3, 
			tblCase.DateOfInjury4 AS DOI4,

            tblTranscription.TransCompany,

			tblCase.InsuringCompany as InsuringCompany

    FROM    tblCase
            INNER JOIN tblExaminee ON tblExaminee.chartnbr = tblCase.chartnbr
            INNER JOIN tblOffice ON tblOffice.officeCode = tblCase.officeCode
            INNER JOIN tblClient ON tblCase.ClientCode = tblClient.ClientCode
            INNER JOIN tblCompany ON tblClient.CompanyCode = tblCompany.CompanyCode
            INNER JOIN tblCaseType ON tblCase.Casetype = tblCaseType.Code
            INNER JOIN tblQueues ON tblCase.status = tblQueues.statusCode

            INNER JOIN tblAcctingTrans ON tblCase.casenbr = tblAcctingTrans.casenbr
			LEFT OUTER JOIN tblAcctHeader AS AH ON AH.SeqNo = tblAcctingTrans.SeqNO

            LEFT OUTER JOIN tblDoctor ON CASE WHEN EWReferralType = 2 THEN tblCase.doctorcode ELSE tblAcctingTrans.DrOpCode END = tblDoctor.doctorcode
            LEFT OUTER JOIN tblLocation ON CASE WHEN EWReferralType = 2 THEN tblCase.doctorlocation ELSE tblAcctingTrans.doctorlocation END = tblLocation.locationcode
            LEFT OUTER JOIN tblDoctorSchedule ON tblCase.schedCode = tblDoctorSchedule.schedCode
            LEFT OUTER JOIN tblDoctorLocation ON tblCase.DoctorLocation = tblDoctorLocation.LocationCode
                                                 AND tblCase.DoctorCode = tblDoctorLocation.DoctorCode
			
            LEFT OUTER JOIN tblSpecialty ON tblCase.Doctorspecialty = tblSpecialty.specialtyCode
            LEFT OUTER JOIN tblVenue ON tblCase.VenueID = tblVenue.VenueID
            LEFT OUTER JOIN tblProviderType ON tblDoctor.ProvTypeCode = tblProviderType.ProvTypeCode
            LEFT OUTER JOIN tblState ON tblCase.Jurisdiction = tblState.StateCode
            LEFT OUTER JOIN tblRecordStatus ON tblCase.recCode = tblRecordStatus.recCode
            LEFT OUTER JOIN tblUser ON tblCase.schedulerCode = tblUser.userid
            LEFT OUTER JOIN tblServices ON tblCase.serviceCode = tblServices.serviceCode
            LEFT OUTER JOIN tblCCAddress AS tblCCAddress_1 ON tblCase.defenseAttorneyCode = tblCCAddress_1.ccCode
            LEFT OUTER JOIN tblCCAddress AS tblCCAddress_2 ON tblCase.plaintiffAttorneyCode = tblCCAddress_2.ccCode
            LEFT OUTER JOIN tblCCAddress AS tblCCAddress_3 ON tblCCAddress_3.ccCode = tblCase.DefParaLegal
            LEFT OUTER JOIN tblLanguage ON tblLanguage.LanguageID = tblCase.LanguageID
            LEFT OUTER JOIN tblTranscription ON tblCase.TransCode = tblTranscription.TransCode
            LEFT OUTER JOIN tblEmployer on tblcase.EmployerID = tblEmployer.EmployerID 
            LEFT OUTER JOIN tblEmployerAddress on tblcase.EmployerAddressID = tblEmployerAddress.EmployerAddressID
GO
PRINT N'Altering [dbo].[proc_GetDoctorScheduleByDocCodeAndDate]...';


GO
ALTER PROCEDURE [dbo].[proc_GetDoctorScheduleByDocCodeAndDate]

@DoctorCode int,
@ApptDateStart smalldatetime,
@ApptDateEnd smalldatetime,
@WebUserID int

AS
BEGIN

	SET NOCOUNT ON
	DECLARE @Err int

	SELECT DISTINCT TOP 100 PERCENT
		tblCase.casenbr,
		tblCase.dateadded,
		tblExaminee.lastname +  ', ' + tblExaminee.firstname AS examineename,
		tblClient.lastname + ', ' + tblClient.firstname AS clientname,
		tblCompany.intname AS companyname,
		CONVERT(varchar(20), tblCase.ApptDate, 101) + ' ' + RIGHT(CONVERT(VARCHAR, tblCase.ApptTime),7)  ApptDate,
		tblCase.ApptTime,
		tblCase.ExtCaseNbr,
		tblCase.claimnbr,
		tblLocation.Location,
		tblServices.description AS service,
		tblCase.DoctorName AS provider,
		tblWebQueues.description AS WebStatus,
		tblWebQueues.statuscode,
		ISNULL(NULLIF(tblCase.sinternalcasenbr,''),tblCase.casenbr) AS webcontrolnbr
		FROM tblCase
		INNER JOIN tblQueues ON tblCase.status = tblQueues.statuscode
		INNER JOIN tblServices ON tblCase.servicecode = tblServices.servicecode
		INNER JOIN tblWebQueues ON tblQueues.WebStatusCode = tblWebQueues.statuscode
		INNER JOIN tblClient ON tblCase.clientcode = tblClient.clientcode
		INNER JOIN tblCompany ON tblClient.companycode = tblCompany.companycode
		LEFT JOIN tblDoctor tblDoctor1 ON tblCase.doctorcode = tblDoctor1.doctorcode
		LEFT JOIN tblCasePanel ON tblCase.PanelNbr = tblCasePanel.PanelNbr
		LEFT JOIN tblDoctor tblDoctor2 ON tblCasePanel.DoctorCode = tblDoctor2.DoctorCode
		INNER JOIN tblLocation on tblCase.DoctorLocation = tblLocation.LocationCode
		LEFT OUTER JOIN tblExaminee ON tblCase.chartnbr = tblExaminee.chartnbr
		INNER JOIN tblPublishOnWeb ON tblCase.casenbr = tblPublishOnWeb.tablekey
			AND tblPublishOnWeb.tabletype = 'tblCase'
			AND tblPublishOnWeb.PublishOnWeb = 1
		INNER JOIN tblWebUserAccount ON tblPublishOnWeb.UserCode = tblWebUserAccount.UserCode
			AND tblPublishOnWeb.UserType = tblWebUserAccount.UserType
			AND tblWebUserAccount.WebUserID = @WebUserID
		WHERE (tblCase.DoctorCode = @DoctorCode OR tblCasePanel.DoctorCode = @DoctorCode)
		AND (tblCase.ApptDate >= @ApptDateStart)
		AND (tblCase.ApptDate <= @ApptDateEnd)
		AND (tblCase.status <> 9)
		AND (tblCase.ApptStatusID IN (10, 100))
		ORDER BY tblLocation.Location, ApptTime

	SET @Err = @@Error

	RETURN @Err
END
GO





INSERT INTO tblMessageToken ([Name]) VALUES ('@LocationAddressInstructions@')
GO

INSERT INTO tblUserFunction VALUES ('SLARuleAddEdit','SLA Rule - Add/Edit')
GO


UPDATE tblCaseAppt SET DateClientNotified=LastStatusChg WHERE ApptStatusID NOT IN (0,10) AND DateClientNotified IS NULL
GO



INSERT INTO [dbo].[tblDataField] ([DataFieldID], [TableName], [FieldName], [Descrip]) VALUES (101, 'tblCase', 'TATEnteredToMRRReceived', '')
INSERT INTO [dbo].[tblDataField] ([DataFieldID], [TableName], [FieldName], [Descrip]) VALUES (102, 'tblCase', 'TATRptReceivedToQAComplete', '')
INSERT INTO [dbo].[tblDataField] ([DataFieldID], [TableName], [FieldName], [Descrip]) VALUES (103, 'tblCase', 'TATQACompleteToRptSent', '')
INSERT INTO [dbo].[tblDataField] ([DataFieldID], [TableName], [FieldName], [Descrip]) VALUES (104, 'tblCase', 'TATRptSentToInvoiced', '')
INSERT INTO [dbo].[tblDataField] ([DataFieldID], [TableName], [FieldName], [Descrip]) VALUES (105, 'tblCase', 'TATReport', '')
INSERT INTO [dbo].[tblDataField] ([DataFieldID], [TableName], [FieldName], [Descrip]) VALUES (106, 'tblCase', 'TATServiceLifeCycle', '')
INSERT INTO [dbo].[tblDataField] ([DataFieldID], [TableName], [FieldName], [Descrip]) VALUES (107, 'tblCase', 'TATEnteredToScheduled', '')
INSERT INTO [dbo].[tblDataField] ([DataFieldID], [TableName], [FieldName], [Descrip]) VALUES (108, 'tblCase', 'TATScheduledToExam', '')
INSERT INTO [dbo].[tblDataField] ([DataFieldID], [TableName], [FieldName], [Descrip]) VALUES (109, 'tblCase', 'TATExamToClientNotified', '')
INSERT INTO [dbo].[tblDataField] ([DataFieldID], [TableName], [FieldName], [Descrip]) VALUES (110, 'tblCase', 'TATExamToRptReceived', '')
INSERT INTO [dbo].[tblDataField] ([DataFieldID], [TableName], [FieldName], [Descrip]) VALUES (201, 'tblCase', 'DateReceived', 'Referral Entered into IMEC')
INSERT INTO [dbo].[tblDataField] ([DataFieldID], [TableName], [FieldName], [Descrip]) VALUES (202, 'tblCase', 'DateMedsRecd', 'Records Received')
INSERT INTO [dbo].[tblDataField] ([DataFieldID], [TableName], [FieldName], [Descrip]) VALUES (203, 'tblCase', 'RptInitialDraftDate', 'Report Received by QA')
INSERT INTO [dbo].[tblDataField] ([DataFieldID], [TableName], [FieldName], [Descrip]) VALUES (204, 'tblCase', 'RptFinalizedDate', 'QA Completed')
INSERT INTO [dbo].[tblDataField] ([DataFieldID], [TableName], [FieldName], [Descrip]) VALUES (205, 'tblCase', 'RptSentDate', 'Report Sent to Client')
INSERT INTO [dbo].[tblDataField] ([DataFieldID], [TableName], [FieldName], [Descrip]) VALUES (206, 'tblCase', 'InvoiceDate', 'Invoiced')
INSERT INTO [dbo].[tblDataField] ([DataFieldID], [TableName], [FieldName], [Descrip]) VALUES (207, 'tblCaseAppt', 'DateAdded', 'Exam Scheduled')
INSERT INTO [dbo].[tblDataField] ([DataFieldID], [TableName], [FieldName], [Descrip]) VALUES (208, 'tblCase', 'ApptDate', 'Date of Exam')
INSERT INTO [dbo].[tblDataField] ([DataFieldID], [TableName], [FieldName], [Descrip]) VALUES (209, 'tblCaseAppt', 'DateClientNotified', 'Client Notified')
GO

INSERT INTO [dbo].[tblTATCalculationGroup] ([TATCalculationGroupID], [Name]) VALUES (1, 'IME')
INSERT INTO [dbo].[tblTATCalculationGroup] ([TATCalculationGroupID], [Name]) VALUES (2, 'MRR')
INSERT INTO [dbo].[tblTATCalculationGroup] ([TATCalculationGroupID], [Name]) VALUES (3, 'Addendum')
GO

INSERT INTO [dbo].[tblTATCalculationGroupDetail] ([TATCalculationGroupID], [TATCalculationMethodID], [DisplayOrder]) VALUES (1, 2, 5)
INSERT INTO [dbo].[tblTATCalculationGroupDetail] ([TATCalculationGroupID], [TATCalculationMethodID], [DisplayOrder]) VALUES (1, 3, 6)
INSERT INTO [dbo].[tblTATCalculationGroupDetail] ([TATCalculationGroupID], [TATCalculationMethodID], [DisplayOrder]) VALUES (1, 4, 7)
INSERT INTO [dbo].[tblTATCalculationGroupDetail] ([TATCalculationGroupID], [TATCalculationMethodID], [DisplayOrder]) VALUES (1, 5, 9)
INSERT INTO [dbo].[tblTATCalculationGroupDetail] ([TATCalculationGroupID], [TATCalculationMethodID], [DisplayOrder]) VALUES (1, 7, 1)
INSERT INTO [dbo].[tblTATCalculationGroupDetail] ([TATCalculationGroupID], [TATCalculationMethodID], [DisplayOrder]) VALUES (1, 8, 2)
INSERT INTO [dbo].[tblTATCalculationGroupDetail] ([TATCalculationGroupID], [TATCalculationMethodID], [DisplayOrder]) VALUES (1, 9, 8)
INSERT INTO [dbo].[tblTATCalculationGroupDetail] ([TATCalculationGroupID], [TATCalculationMethodID], [DisplayOrder]) VALUES (1, 10, 4)
INSERT INTO [dbo].[tblTATCalculationGroupDetail] ([TATCalculationGroupID], [TATCalculationMethodID], [DisplayOrder]) VALUES (1, 11, 3)
INSERT INTO [dbo].[tblTATCalculationGroupDetail] ([TATCalculationGroupID], [TATCalculationMethodID], [DisplayOrder]) VALUES (2, 1, 1)
INSERT INTO [dbo].[tblTATCalculationGroupDetail] ([TATCalculationGroupID], [TATCalculationMethodID], [DisplayOrder]) VALUES (2, 2, 2)
INSERT INTO [dbo].[tblTATCalculationGroupDetail] ([TATCalculationGroupID], [TATCalculationMethodID], [DisplayOrder]) VALUES (2, 3, 3)
INSERT INTO [dbo].[tblTATCalculationGroupDetail] ([TATCalculationGroupID], [TATCalculationMethodID], [DisplayOrder]) VALUES (2, 4, 4)
INSERT INTO [dbo].[tblTATCalculationGroupDetail] ([TATCalculationGroupID], [TATCalculationMethodID], [DisplayOrder]) VALUES (2, 5, 6)
INSERT INTO [dbo].[tblTATCalculationGroupDetail] ([TATCalculationGroupID], [TATCalculationMethodID], [DisplayOrder]) VALUES (2, 6, 5)
INSERT INTO [dbo].[tblTATCalculationGroupDetail] ([TATCalculationGroupID], [TATCalculationMethodID], [DisplayOrder]) VALUES (3, 1, 1)
INSERT INTO [dbo].[tblTATCalculationGroupDetail] ([TATCalculationGroupID], [TATCalculationMethodID], [DisplayOrder]) VALUES (3, 2, 2)
INSERT INTO [dbo].[tblTATCalculationGroupDetail] ([TATCalculationGroupID], [TATCalculationMethodID], [DisplayOrder]) VALUES (3, 3, 3)
INSERT INTO [dbo].[tblTATCalculationGroupDetail] ([TATCalculationGroupID], [TATCalculationMethodID], [DisplayOrder]) VALUES (3, 4, 4)
INSERT INTO [dbo].[tblTATCalculationGroupDetail] ([TATCalculationGroupID], [TATCalculationMethodID], [DisplayOrder]) VALUES (3, 5, 6)
INSERT INTO [dbo].[tblTATCalculationGroupDetail] ([TATCalculationGroupID], [TATCalculationMethodID], [DisplayOrder]) VALUES (3, 6, 5)
GO
INSERT INTO [dbo].[tblTATCalculationMethod] ([TATCalculationMethodID], [StartDateFieldID], [EndDateFieldID], [Unit], [TATDataFieldID], [UseTrend]) VALUES (1, 201, 202, 'Day', 101, 0)
INSERT INTO [dbo].[tblTATCalculationMethod] ([TATCalculationMethodID], [StartDateFieldID], [EndDateFieldID], [Unit], [TATDataFieldID], [UseTrend]) VALUES (2, 203, 204, 'Day', 102, 0)
INSERT INTO [dbo].[tblTATCalculationMethod] ([TATCalculationMethodID], [StartDateFieldID], [EndDateFieldID], [Unit], [TATDataFieldID], [UseTrend]) VALUES (3, 204, 205, 'Day', 103, 0)
INSERT INTO [dbo].[tblTATCalculationMethod] ([TATCalculationMethodID], [StartDateFieldID], [EndDateFieldID], [Unit], [TATDataFieldID], [UseTrend]) VALUES (4, 205, 206, 'Day', 104, 0)
INSERT INTO [dbo].[tblTATCalculationMethod] ([TATCalculationMethodID], [StartDateFieldID], [EndDateFieldID], [Unit], [TATDataFieldID], [UseTrend]) VALUES (5, 201, 205, 'Day', 106, 1)
INSERT INTO [dbo].[tblTATCalculationMethod] ([TATCalculationMethodID], [StartDateFieldID], [EndDateFieldID], [Unit], [TATDataFieldID], [UseTrend]) VALUES (6, 202, 205, 'Day', 105, 0)
INSERT INTO [dbo].[tblTATCalculationMethod] ([TATCalculationMethodID], [StartDateFieldID], [EndDateFieldID], [Unit], [TATDataFieldID], [UseTrend]) VALUES (7, 201, 207, 'Hour', 107, 0)
INSERT INTO [dbo].[tblTATCalculationMethod] ([TATCalculationMethodID], [StartDateFieldID], [EndDateFieldID], [Unit], [TATDataFieldID], [UseTrend]) VALUES (8, 207, 208, 'Day', 108, 0)
INSERT INTO [dbo].[tblTATCalculationMethod] ([TATCalculationMethodID], [StartDateFieldID], [EndDateFieldID], [Unit], [TATDataFieldID], [UseTrend]) VALUES (9, 208, 205, 'Day', 105, 0)
INSERT INTO [dbo].[tblTATCalculationMethod] ([TATCalculationMethodID], [StartDateFieldID], [EndDateFieldID], [Unit], [TATDataFieldID], [UseTrend]) VALUES (10, 208, 203, 'Day', 110, 0)
INSERT INTO [dbo].[tblTATCalculationMethod] ([TATCalculationMethodID], [StartDateFieldID], [EndDateFieldID], [Unit], [TATDataFieldID], [UseTrend]) VALUES (11, 208, 209, 'Day', 109, 0)
GO


UPDATE tblControl SET DBVersion='3.03'
GO
